Workbook

Sheet README
B2: ERG Analytics — Demo Workbook
B4: Purpose | C4: Chezie-style ERG visibility for organizations without a dedicated ERG platform: who the ERGs are, participation, spend, event turnout, and membership movement, built from exports you already have.
B5: Assumptions baked in | C5: ERGs are modeled as Teams channels/teams (membership from a Teams export) and event registration via Microsoft Forms. Budget has no confirmed source system yet, so it's a manual-entry tab.
B6: Why Event_ID exists on the Forms tab | C6: Event names repeat — a recurring Speaker Series or Panel Discussion can happen more than once for the same ERG — so Event_Name alone can't uniquely identify which occurrence a registration belongs to. Whoever compiles each month's Forms export needs to tag the Event_ID (from ERG_Events) onto that batch of responses before pasting it in.
B7: How to refresh membership | C7: Pull a Teams membership export monthly, add a Snapshot_Date column if your export doesn't include one, and append the rows to Teams_Membership_Export. Never delete prior snapshots — the trend and Membership_Changes tabs depend on having history.
B8: How to refresh events | C8: Each event's Microsoft Forms responses export with ID, Start time, Completion time, Email, and Name built in. Add Event_ID and Event_Name columns matching ERG_Events, then paste the rows into Forms_Event_Registrations.
B9: Editable vs calculated | C9: Grey column headers are formulas — don't type into them. Teal headers are raw export tabs (paste directly from source).
B11: Source-system field mapping
B12: Workbook field | C12: Source → detail
B13: Teams_Membership_Export (all columns) | C13: Teams admin center / Get-TeamUser → Team members list export
B14: ERG_Membership_Changes | C14: Derived → Diff of consecutive Teams snapshots — not a direct export
B15: Forms_Event_Registrations (ID – Name) | C15: Microsoft Forms → Auto-included columns on every Forms export
B16: Forms_Event_Registrations.Event_ID | C16: Manual (analyst-tagged) → Not in the raw Forms export — added when compiling, to disambiguate repeat event names
B17: Employees | C17: Workday → Worker report export
B18: ERG_Budget | C18: Manual / Finance → No confirmed system source yet
B19: ERG_Events | C19: Manual → ERG leads log events; registrations roll up from Forms by Event_ID

Sheet Dashboard
B2: ERG Analytics | Membership, Spend & Engagement
B3: Employee Resource Groups dashboard • Sources: Teams (membership) + MS Forms (events) + Workday (headcount)
B4: ="Latest membership snapshot: "&TEXT(DATE(2026,7,1),"mmm yyyy") -> Latest membership snapshot: Jul 2026
B6: ERG Directory — Q1: What are the ERGs?
B7: =ERGs!$B$2&" | "&ERGs!$B$3&" | "&ERGs!$B$4&" | "&ERGs!$B$5&" | "&ERGs!$B$6&" | "&ERGs!$B$7 -> Women's Network | Pride Alliance | Black & African Diaspora Network | Emerging Professionals Network | Accessibility & Disability Inclusion Network | Global & Multicultural Network
B9: Participation — Q3: What share of staff belong to an ERG?
B10: Active Headcount | E10: Staff in ≥1 ERG | H10: Staff Unaffiliated | K10: Participation Rate
B11: =COUNTIF(Employees!$H$2:$H$500,"Active") -> 20 | E11: =Calc!$E$4 -> 7 | H11: =Calc!$E$5 -> 13 | K11: =IFERROR(Calc!$E$4/COUNTIF(Employees!$H$2:$H$500,"Active"),0) -> 0.35
B13: Spend — Q2: What is each ERG spending?
B14: Total Budgeted (FY26) | E14: Total Actual Spend | H14: Budget Utilized | K14: ERGs Over Budget
B15: =SUM(ERG_Budget!$D$2:$D$100) -> 13500 | E15: =SUM(ERG_Budget!$E$2:$E$100) -> 8459.71 | H15: =IFERROR(SUM(ERG_Budget!$E$2:$E$100)/SUM(ERG_Budget!$D$2:$D$100),0) -> 0.62664519 | K15: =COUNTIF(ERG_Budget!$G$2:$G$100,">1") -> 1
B17: Event Management — Q4: cadence, turnout, cost
B18: Events (last 6 mo) | E18: Total Registrations | H18: Avg Registrations/Event | K18: Total Event Cost
B19: =COUNTA(ERG_Events!$A$2:$A$100) -> 17 | E19: =SUM(ERG_Events!$H$2:$H$100) -> 78 | H19: =IFERROR(AVERAGE(ERG_Events!$H$2:$H$100),0) -> 4.5882353 | K19: =SUM(ERG_Events!$I$2:$I$100) -> 7131.68
B21: Membership Movement — Q5: joins & leaves over time
B22: Joins (6 mo) | E22: Leaves (6 mo) | H22: Net Change (6 mo) | K22: ERGs Tracked
B23: =SUM(Calc!$B$14:$B$18) -> 10 | E23: =SUM(Calc!$C$14:$C$18) -> 14 | H23: =SUM(Calc!$B$14:$B$18)-SUM(Calc!$C$14:$C$18) -> -4 | K23: =COUNTA(ERGs!$A$2:$A$100) -> 6

Sheet ERGs
A1: ERG_ID | B1: ERG_Name | C1: Teams_Team_Name | D1: Channel | E1: GroupId | F1: Sponsor | G1: Category | H1: Founded_Date | I1: Status | J1: Current_Members
A2: ERG-01 | B2: Women's Network | C2: ERGs - Women's Network | D2: General | E2: 8f2a1c40-...-b291 | F2: Finance Director | G2: Gender & Identity | H2: 44621 | I2: Active | J2: =COUNTIFS(Teams_Membership_Export!$K$2:$K$500,A2,Teams_Membership_Export!$A$2:$A$500,MAX(Teams_Membership_Export!$A$2:$A$500)) -> 2
A3: ERG-02 | B3: Pride Alliance | C3: ERGs - Pride Alliance | D3: General | E3: 3d7e9f12-...-a604 | F3: Communications Manager | G3: LGBTQ+ | H3: 44713 | I3: Active | J3: =COUNTIFS(Teams_Membership_Export!$K$2:$K$500,A3,Teams_Membership_Export!$A$2:$A$500,MAX(Teams_Membership_Export!$A$2:$A$500)) -> 0
A4: ERG-03 | B4: Black & African Diaspora Network | C4: ERGs - Black & African Diaspora | D4: General | E4: c9b45a88-...-e173 | F4: Development Director | G4: Race & Ethnicity | H4: 44501 | I4: Active | J4: =COUNTIFS(Teams_Membership_Export!$K$2:$K$500,A4,Teams_Membership_Export!$A$2:$A$500,MAX(Teams_Membership_Export!$A$2:$A$500)) -> 1
A5: ERG-04 | B5: Emerging Professionals Network | C5: ERGs - Emerging Professionals | D5: General | E5: 15f6d2e0-...-c908 | F5: Operations Manager | G5: Career Stage | H5: 44927 | I5: Active | J5: =COUNTIFS(Teams_Membership_Export!$K$2:$K$500,A5,Teams_Membership_Export!$A$2:$A$500,MAX(Teams_Membership_Export!$A$2:$A$500)) -> 1
A6: ERG-05 | B6: Accessibility & Disability Inclusion Network | C6: ERGs - Accessibility & Disability | D6: General | E6: a027b8c1-...-f455 | F6: HR Business Partner | G6: Disability & Accessibility | H6: 45170 | I6: Active | J6: =COUNTIFS(Teams_Membership_Export!$K$2:$K$500,A6,Teams_Membership_Export!$A$2:$A$500,MAX(Teams_Membership_Export!$A$2:$A$500)) -> 1
A7: ERG-06 | B7: Global & Multicultural Network | C7: ERGs - Global & Multicultural | D7: General | E7: e6119d3a-...-0d82 | F7: IT Manager | G7: Culture & Nationality | H7: 44805 | I7: Active | J7: =COUNTIFS(Teams_Membership_Export!$K$2:$K$500,A7,Teams_Membership_Export!$A$2:$A$500,MAX(Teams_Membership_Export!$A$2:$A$500)) -> 2

Sheet Employees
A1: Worker_ID | B1: Legal_Name | C1: Business_Title | D1: Supervisory_Organization | E1: Email_Address | F1: Hire_Date | G1: Termination_Date | H1: Worker_Status
A2: WD-1001 | B2: Amara Adeyemi | C2: Conservation Director | D2: Conservation Programs | E2: amara.adeyemi@ngo-example.org | F2: 43465 | H2: Active
A3: WD-1002 | B3: Ben Baptiste | C3: Programme Manager | D3: Conservation Programs | E3: ben.baptiste@ngo-example.org | F3: 44771 | H3: Active
A4: WD-1003 | B4: Chloe Chen | C4: Senior Field Officer | D4: Conservation Programs | E4: chloe.chen@ngo-example.org | F4: 44506 | G4: 46170 | H4: Terminated
A5: WD-1004 | B5: Daniel Duarte | C5: Field Officer | D5: Conservation Programs | E5: daniel.duarte@ngo-example.org | F5: 46095 | H5: Active
A6: WD-1005 | B6: Esi Eze | C6: GIS Specialist | D6: Conservation Programs | E6: esi.eze@ngo-example.org | F6: 44756 | H6: Active
A7: WD-1006 | B7: Farah Fischer | C7: M&E Officer | D7: Conservation Programs | E7: farah.fischer@ngo-example.org | F7: 44896 | H7: Active
A8: WD-1007 | B8: Grace Gomez | C8: Development Director | D8: Fundraising & Development | E8: grace.gomez@ngo-example.org | F8: 43538 | H8: Active
A9: WD-1008 | B9: Hassan Haddad | C9: Major Gifts Officer | D9: Fundraising & Development | E9: hassan.haddad@ngo-example.org | F9: 45260 | H9: Active
A10: WD-1009 | B10: Ingrid Ibrahim | C10: Grants Manager | D10: Fundraising & Development | E10: ingrid.ibrahim@ngo-example.org | F10: 44901 | H10: Active
A11: WD-1010 | B11: Jamal Jensen | C11: Fundraising Coordinator | D11: Fundraising & Development | E11: jamal.jensen@ngo-example.org | F11: 45485 | H11: Active
A12: WD-1011 | B12: Kira Kamau | C12: Communications Manager | D12: Marketing & Communications | E12: kira.kamau@ngo-example.org | F12: 44247 | G12: 46042 | H12: Terminated
A13: WD-1012 | B13: Liam Lopez | C13: Digital Marketing Officer | D13: Marketing & Communications | E13: liam.lopez@ngo-example.org | F13: 45211 | H13: Active
A14: WD-1013 | B14: Maya Mbeki | C14: Content Officer | D14: Marketing & Communications | E14: maya.mbeki@ngo-example.org | F14: 45637 | G14: 46095 | H14: Terminated
A15: WD-1014 | B15: Noah Novak | C15: Finance Director | D15: Finance & Operations | E15: noah.novak@ngo-example.org | F15: 43140 | H15: Active
A16: WD-1015 | B16: Olu Okafor | C16: Finance Officer | D16: Finance & Operations | E16: olu.okafor@ngo-example.org | F16: 46029 | H16: Active
A17: WD-1016 | B17: Priya Patel | C17: Operations Manager | D17: Finance & Operations | E17: priya.patel@ngo-example.org | F17: 44706 | G17: 45913 | H17: Terminated
A18: WD-1017 | B18: Quentin Quinn | C18: Facilities Coordinator | D18: Finance & Operations | E18: quentin.quinn@ngo-example.org | F18: 44632 | H18: Active
A19: WD-1018 | B19: Ravi Rossi | C19: People Operations Director | D19: People Operations | E19: ravi.rossi@ngo-example.org | F19: 43470 | H19: Active
A20: WD-1019 | B20: Sofia Silva | C20: HR Business Partner | D20: People Operations | E20: sofia.silva@ngo-example.org | F20: 44975 | H20: Active
A21: WD-1020 | B21: Tomas Traore | C21: L&D Specialist | D21: People Operations | E21: tomas.traore@ngo-example.org | F21: 44509 | H21: Active
A22: WD-1021 | B22: Uma Ullah | C22: Talent Acquisition Partner | D22: People Operations | E22: uma.ullah@ngo-example.org | F22: 45038 | H22: Active
A23: WD-1022 | B23: Victor Vargas | C23: IT Manager | D23: IT & Data | E23: victor.vargas@ngo-example.org | F23: 44890 | H23: Active
A24: WD-1023 | B24: Wanjiru Williams | C24: Data Analyst | D24: IT & Data | E24: wanjiru.williams@ngo-example.org | F24: 44529 | H24: Active
A25: WD-1024 | B25: Xavier Xu | C25: IT Support Officer | D25: IT & Data | E25: xavier.xu@ngo-example.org | F25: 44674 | H25: Active

Sheet Teams_Membership_Export
A1: Snapshot_Date | B1: TeamName | C1: GroupId | D1: Channel | E1: Display_Name | F1: User_Principal_Name | G1: Email_Address | H1: Role | I1: User_Type | J1: Worker_ID | K1: ERG_ID
A2: 46054 | B2: ERGs - Women's Network | C2: 8f2a1c40-...-b291 | D2: General | E2: Xavier Xu | F2: xavier.xu@ngo-example.org | G2: xavier.xu@ngo-example.org | H2: Member | I2: Member | J2: WD-1024 | K2: ERG-01
A3: 46054 | B3: ERGs - Women's Network | C3: 8f2a1c40-...-b291 | D3: General | E3: Jamal Jensen | F3: jamal.jensen@ngo-example.org | G3: jamal.jensen@ngo-example.org | H3: Owner | I3: Member | J3: WD-1010 | K3: ERG-01
A4: 46054 | B4: ERGs - Women's Network | C4: 8f2a1c40-...-b291 | D4: General | E4: Grace Gomez | F4: grace.gomez@ngo-example.org | G4: grace.gomez@ngo-example.org | H4: Member | I4: Member | J4: WD-1007 | K4: ERG-01
A5: 46054 | B5: ERGs - Pride Alliance | C5: 3d7e9f12-...-a604 | D5: General | E5: Hassan Haddad | F5: hassan.haddad@ngo-example.org | G5: hassan.haddad@ngo-example.org | H5: Member | I5: Member | J5: WD-1008 | K5: ERG-02
A6: 46054 | B6: ERGs - Black & African Diaspora | C6: c9b45a88-...-e173 | D6: General | E6: Uma Ullah | F6: uma.ullah@ngo-example.org | G6: uma.ullah@ngo-example.org | H6: Member | I6: Member | J6: WD-1021 | K6: ERG-03
A7: 46054 | B7: ERGs - Emerging Professionals | C7: 15f6d2e0-...-c908 | D7: General | E7: Farah Fischer | F7: farah.fischer@ngo-example.org | G7: farah.fischer@ngo-example.org | H7: Member | I7: Member | J7: WD-1006 | K7: ERG-04
A8: 46054 | B8: ERGs - Emerging Professionals | C8: 15f6d2e0-...-c908 | D8: General | E8: Ben Baptiste | F8: ben.baptiste@ngo-example.org | G8: ben.baptiste@ngo-example.org | H8: Member | I8: Member | J8: WD-1002 | K8: ERG-04
A9: 46054 | B9: ERGs - Emerging Professionals | C9: 15f6d2e0-...-c908 | D9: General | E9: Grace Gomez | F9: grace.gomez@ngo-example.org | G9: grace.gomez@ngo-example.org | H9: Member | I9: Member | J9: WD-1007 | K9: ERG-04
A10: 46054 | B10: ERGs - Accessibility & Disability | C10: a027b8c1-...-f455 | D10: General | E10: Tomas Traore | F10: tomas.traore@ngo-example.org | G10: tomas.traore@ngo-example.org | H10: Member | I10: Member | J10: WD-1020 | K10: ERG-05
A11: 46054 | B11: ERGs - Global & Multicultural | C11: e6119d3a-...-0d82 | D11: General | E11: Ingrid Ibrahim | F11: ingrid.ibrahim@ngo-example.org | G11: ingrid.ibrahim@ngo-example.org | H11: Member | I11: Member | J11: WD-1009 | K11: ERG-06
A12: 46054 | B12: ERGs - Global & Multicultural | C12: e6119d3a-...-0d82 | D12: General | E12: Xavier Xu | F12: xavier.xu@ngo-example.org | G12: xavier.xu@ngo-example.org | H12: Member | I12: Member | J12: WD-1024 | K12: ERG-06
A13: 46082 | B13: ERGs - Women's Network | C13: 8f2a1c40-...-b291 | D13: General | E13: Xavier Xu | F13: xavier.xu@ngo-example.org | G13: xavier.xu@ngo-example.org | H13: Member | I13: Member | J13: WD-1024 | K13: ERG-01
... A52: 46204 | B52: ERGs - Global & Multicultural | C52: e6119d3a-...-0d82 | D52: General | E52: Xavier Xu | F52: xavier.xu@ngo-example.org | G52: xavier.xu@ngo-example.org | H52: Member | I52: Member | J52: WD-1024 | K52: ERG-06

Sheet ERG_Membership_Changes
A1: Change_ID | B1: Snapshot_Date | C1: ERG_ID | D1: ERG_Name | E1: Worker_ID | F1: Full_Name | G1: Change_Type
A2: CHG-0006 | B2: 46082 | C2: ERG-02 | D2: Pride Alliance | E2: WD-1008 | F2: Hassan Haddad | G2: Left
A3: CHG-0013 | B3: 46082 | C3: ERG-04 | D3: Emerging Professionals Network | E3: WD-1018 | F3: Ravi Rossi | G3: Joined
A4: CHG-0014 | B4: 46082 | C4: ERG-04 | D4: Emerging Professionals Network | E4: WD-1006 | F4: Farah Fischer | G4: Left
A5: CHG-0017 | B5: 46082 | C5: ERG-05 | D5: Accessibility & Disability Inclusion Network | E5: WD-1004 | F5: Daniel Duarte | G5: Joined
A6: CHG-0018 | B6: 46082 | C6: ERG-05 | D6: Accessibility & Disability Inclusion Network | E6: WD-1020 | F6: Tomas Traore | G6: Left
A7: CHG-0001 | B7: 46113 | C7: ERG-01 | D7: Women's Network | E7: WD-1007 | F7: Grace Gomez | G7: Left
A8: CHG-0009 | B8: 46113 | C8: ERG-03 | D8: Black & African Diaspora Network | E8: WD-1021 | F8: Uma Ullah | G8: Left
A9: CHG-0002 | B9: 46143 | C9: ERG-01 | D9: Women's Network | E9: WD-1010 | F9: Jamal Jensen | G9: Left
A10: CHG-0015 | B10: 46143 | C10: ERG-04 | D10: Emerging Professionals Network | E10: WD-1002 | F10: Ben Baptiste | G10: Left
A11: CHG-0019 | B11: 46143 | C11: ERG-05 | D11: Accessibility & Disability Inclusion Network | E11: WD-1014 | F11: Noah Novak | G11: Joined
A12: CHG-0020 | B12: 46143 | C12: ERG-05 | D12: Accessibility & Disability Inclusion Network | E12: WD-1004 | F12: Daniel Duarte | G12: Left
A13: CHG-0023 | B13: 46143 | C13: ERG-06 | D13: Global & Multicultural Network | E13: WD-1012 | F13: Liam Lopez | G13: Joined
... A25: CHG-0022 | B25: 46204 | C25: ERG-05 | D25: Accessibility & Disability Inclusion Network | E25: WD-1010 | F25: Jamal Jensen | G25: Left

Sheet Forms_Event_Registrations
A1: ID | B1: Event_ID | C1: Event_Name | D1: Start_time | E1: Completion_time | F1: Email | G1: Name | H1: Will you attend in person or virtually? | I1: How did you hear about this event?
A2: 101 | B2: EVT-001 | C2: Women's Network — Speaker Series | D2: 46062 | E2: 46062 | F2: jamal.jensen@ngo-example.org | G2: Jamal Jensen | H2: Virtual | I2: Email newsletter
A3: 102 | B3: EVT-001 | C3: Women's Network — Speaker Series | D3: 46071 | E3: 46071 | F3: xavier.xu@ngo-example.org | G3: Xavier Xu | H3: Virtual | I3: All-staff meeting
A4: 103 | B4: EVT-001 | C4: Women's Network — Speaker Series | D4: 46063 | E4: 46063 | F4: grace.gomez@ngo-example.org | G4: Grace Gomez | H4: In person | I4: Teams channel
A5: 104 | B5: EVT-001 | C5: Women's Network — Speaker Series | D5: 46064 | E5: 46064 | F5: noah.novak@ngo-example.org | G5: Noah Novak | H5: In person | I5: Email newsletter
A6: 105 | B6: EVT-001 | C6: Women's Network — Speaker Series | D6: 46069 | E6: 46069 | F6: sofia.silva@ngo-example.org | G6: Sofia Silva | H6: In person | I6: Teams channel
A7: 106 | B7: EVT-001 | C7: Women's Network — Speaker Series | D7: 46066 | E7: 46066 | F7: daniel.duarte@ngo-example.org | G7: Daniel Duarte | H7: Virtual | I7: Teams channel
A8: 107 | B8: EVT-002 | C8: Women's Network — Speaker Series | D8: 46150 | E8: 46150 | F8: xavier.xu@ngo-example.org | G8: Xavier Xu | H8: Virtual | I8: Teams channel
A9: 108 | B9: EVT-002 | C9: Women's Network — Speaker Series | D9: 46149 | E9: 46149 | F9: sofia.silva@ngo-example.org | G9: Sofia Silva | H9: In person | I9: Colleague
A10: 109 | B10: EVT-002 | C10: Women's Network — Speaker Series | D10: 46143 | E10: 46143 | F10: esi.eze@ngo-example.org | G10: Esi Eze | H10: Virtual | I10: Email newsletter
A11: 110 | B11: EVT-002 | C11: Women's Network — Speaker Series | D11: 46142 | E11: 46142 | F11: amara.adeyemi@ngo-example.org | G11: Amara Adeyemi | H11: In person | I11: All-staff meeting
A12: 111 | B12: EVT-003 | C12: Women's Network — Panel Discussion | D12: 46102 | E12: 46102 | F12: xavier.xu@ngo-example.org | G12: Xavier Xu | H12: In person | I12: Colleague
A13: 112 | B13: EVT-003 | C13: Women's Network — Panel Discussion | D13: 46104 | E13: 46104 | F13: jamal.jensen@ngo-example.org | G13: Jamal Jensen | H13: Virtual | I13: Email newsletter
... A79: 178 | B79: EVT-017 | C79: Global & Multicultural Network — Volunteer Day | D79: 46171 | E79: 46171 | F79: ingrid.ibrahim@ngo-example.org | G79: Ingrid Ibrahim | H79: Virtual | I79: All-staff meeting

Sheet ERG_Events
A1: Event_ID | B1: ERG_ID | C1: ERG_Name | D1: Event_Name | E1: Event_Date | F1: Event_Type | G1: Planned_Attendance | H1: Actual_Registrations | I1: Cost_GBP
A2: EVT-001 | B2: ERG-01 | C2: Women's Network | D2: Women's Network — Speaker Series | E2: 46072 | F2: Speaker Series | G2: 26 | H2: =COUNTIF(Forms_Event_Registrations!$B$2:$B$500,A2) -> 6 | I2: 267.91
A3: EVT-002 | B3: ERG-01 | C3: Women's Network | D3: Women's Network — Speaker Series | E3: 46151 | F3: Speaker Series | G3: 16 | H3: =COUNTIF(Forms_Event_Registrations!$B$2:$B$500,A3) -> 4 | I3: 539.46
A4: EVT-003 | B4: ERG-01 | C4: Women's Network | D4: Women's Network — Panel Discussion | E4: 46106 | F4: Panel Discussion | G4: 16 | H4: =COUNTIF(Forms_Event_Registrations!$B$2:$B$500,A4) -> 5 | I4: 375.05
A5: EVT-004 | B5: ERG-02 | C5: Pride Alliance | D5: Pride Alliance — Lunch & Learn | E5: 46201 | F5: Lunch & Learn | G5: 18 | H5: =COUNTIF(Forms_Event_Registrations!$B$2:$B$500,A5) -> 3 | I5: 349.18
A6: EVT-005 | B6: ERG-02 | C6: Pride Alliance | D6: Pride Alliance — Speaker Series | E6: 46159 | F6: Speaker Series | G6: 21 | H6: =COUNTIF(Forms_Event_Registrations!$B$2:$B$500,A6) -> 4 | I6: 334.92
A7: EVT-006 | B7: ERG-02 | C7: Pride Alliance | D7: Pride Alliance — Social Mixer | E7: 46119 | F7: Social Mixer | G7: 12 | H7: =COUNTIF(Forms_Event_Registrations!$B$2:$B$500,A7) -> 3 | I7: 205.66
A8: EVT-007 | B8: ERG-03 | C8: Black & African Diaspora Network | D8: Black & African Diaspora Network — Panel Discussion | E8: 46088 | F8: Panel Discussion | G8: 20 | H8: =COUNTIF(Forms_Event_Registrations!$B$2:$B$500,A8) -> 4 | I8: 196.49
A9: EVT-008 | B9: ERG-03 | C9: Black & African Diaspora Network | D9: Black & African Diaspora Network — Speaker Series | E9: 46049 | F9: Speaker Series | G9: 10 | H9: =COUNTIF(Forms_Event_Registrations!$B$2:$B$500,A9) -> 4 | I9: 353.3
A10: EVT-009 | B10: ERG-03 | C10: Black & African Diaspora Network | D10: Black & African Diaspora Network — Lunch & Learn | E10: 46120 | F10: Lunch & Learn | G10: 13 | H10: =COUNTIF(Forms_Event_Registrations!$B$2:$B$500,A10) -> 3 | I10: 598.57
A11: EVT-010 | B11: ERG-04 | C11: Emerging Professionals Network | D11: Emerging Professionals Network — Panel Discussion | E11: 46086 | F11: Panel Discussion | G11: 23 | H11: =COUNTIF(Forms_Event_Registrations!$B$2:$B$500,A11) -> 6 | I11: 529.81
A12: EVT-011 | B12: ERG-04 | C12: Emerging Professionals Network | D12: Emerging Professionals Network — Lunch & Learn | E12: 46123 | F12: Lunch & Learn | G12: 22 | H12: =COUNTIF(Forms_Event_Registrations!$B$2:$B$500,A12) -> 6 | I12: 344
A13: EVT-012 | B13: ERG-04 | C13: Emerging Professionals Network | D13: Emerging Professionals Network — Panel Discussion | E13: 46187 | F13: Panel Discussion | G13: 15 | H13: =COUNTIF(Forms_Event_Registrations!$B$2:$B$500,A13) -> 5 | I13: 646.07
... A18: EVT-017 | B18: ERG-06 | C18: Global & Multicultural Network | D18: Global & Multicultural Network — Volunteer Day | E18: 46173 | F18: Volunteer Day | G18: 16 | H18: =COUNTIF(Forms_Event_Registrations!$B$2:$B$500,A18) -> 5 | I18: 550.91

Sheet ERG_Budget
A1: ERG_ID | B1: ERG_Name | C1: Fiscal_Year | D1: Budgeted_GBP | E1: Actual_Spend_GBP | F1: Variance_GBP | G1: Percent_Utilized
A2: ERG-01 | B2: Women's Network | C2: FY2026 | D2: 2000 | E2: 1506.51 | F2: =D2-E2 -> 493.49 | G2: =E2/D2 -> 0.753255
A3: ERG-02 | B3: Pride Alliance | C3: FY2026 | D3: 2000 | E3: 993.79 | F3: =D3-E3 -> 1006.21 | G3: =E3/D3 -> 0.496895
A4: ERG-03 | B4: Black & African Diaspora Network | C4: FY2026 | D4: 3500 | E4: 1538.52 | F4: =D4-E4 -> 1961.48 | G4: =E4/D4 -> 0.43957714
A5: ERG-04 | B5: Emerging Professionals Network | C5: FY2026 | D5: 1500 | E5: 1899.4 | F5: =D5-E5 -> -399.4 | G5: =E5/D5 -> 1.2662667
A6: ERG-05 | B6: Accessibility & Disability Inclusion Network | C6: FY2026 | D6: 3000 | E6: 1258.23 | F6: =D6-E6 -> 1741.77 | G6: =E6/D6 -> 0.41941
A7: ERG-06 | B7: Global & Multicultural Network | C7: FY2026 | D7: 1500 | E7: 1263.26 | F7: =D7-E7 -> 236.74 | G7: =E7/D7 -> 0.84217333

Sheet Calc
A1: Chart source tables (auto-calculated). Do not delete.
A3: Current Members by ERG | D3: Participation Split | G3: Budget vs Actual by ERG | I3: Actual
A4: Women's Network | B4: =COUNTIFS(Teams_Membership_Export!$K$2:$K$500,"ERG-01",Teams_Membership_Export!$A$2:$A$500,DATE(2026,7,1)) -> 2 | D4: In an ERG | E4: =SUMPRODUCT((COUNTIFS(Teams_Membership_Export!$J$2:$J$500,Employees!$A$2:$A$500,Teams_Membership_Export!$A$2:$A$500,DATE(2026,7,1))>0)*(Employees!$H$2:$H$500="Active")) -> 7 | G4: Women's Network | H4: =SUMIF(ERG_Budget!$B$2:$B$100,"Women's Network",ERG_Budget!$D$2:$D$100) -> 2000 | I4: =SUMIF(ERG_Budget!$B$2:$B$100,"Women's Network",ERG_Budget!$E$2:$E$100) -> 1506.51
A5: Pride Alliance | B5: =COUNTIFS(Teams_Membership_Export!$K$2:$K$500,"ERG-02",Teams_Membership_Export!$A$2:$A$500,DATE(2026,7,1)) -> 0 | D5: Not in an ERG | E5: =COUNTIF(Employees!$H$2:$H$500,"Active")-E4 -> 13 | G5: Pride Alliance | H5: =SUMIF(ERG_Budget!$B$2:$B$100,"Pride Alliance",ERG_Budget!$D$2:$D$100) -> 2000 | I5: =SUMIF(ERG_Budget!$B$2:$B$100,"Pride Alliance",ERG_Budget!$E$2:$E$100) -> 993.79
A6: Black & African Diaspora Network | B6: =COUNTIFS(Teams_Membership_Export!$K$2:$K$500,"ERG-03",Teams_Membership_Export!$A$2:$A$500,DATE(2026,7,1)) -> 1 | G6: Black & African Diaspora Network | H6: =SUMIF(ERG_Budget!$B$2:$B$100,"Black & African Diaspora Network",ERG_Budget!$D$2:$D$100) -> 3500 | I6: =SUMIF(ERG_Budget!$B$2:$B$100,"Black & African Diaspora Network",ERG_Budget!$E$2:$E$100) -> 1538.52
A7: Emerging Professionals Network | B7: =COUNTIFS(Teams_Membership_Export!$K$2:$K$500,"ERG-04",Teams_Membership_Export!$A$2:$A$500,DATE(2026,7,1)) -> 1 | G7: Emerging Professionals Network | H7: =SUMIF(ERG_Budget!$B$2:$B$100,"Emerging Professionals Network",ERG_Budget!$D$2:$D$100) -> 1500 | I7: =SUMIF(ERG_Budget!$B$2:$B$100,"Emerging Professionals Network",ERG_Budget!$E$2:$E$100) -> 1899.4
A8: Accessibility & Disability Inclusion Network | B8: =COUNTIFS(Teams_Membership_Export!$K$2:$K$500,"ERG-05",Teams_Membership_Export!$A$2:$A$500,DATE(2026,7,1)) -> 1 | G8: Accessibility & Disability Inclusion Network | H8: =SUMIF(ERG_Budget!$B$2:$B$100,"Accessibility & Disability Inclusion Network",ERG_Budget!$D$2:$D$100) -> 3000 | I8: =SUMIF(ERG_Budget!$B$2:$B$100,"Accessibility & Disability Inclusion Network",ERG_Budget!$E$2:$E$100) -> 1258.23
A9: Global & Multicultural Network | B9: =COUNTIFS(Teams_Membership_Export!$K$2:$K$500,"ERG-06",Teams_Membership_Export!$A$2:$A$500,DATE(2026,7,1)) -> 2 | G9: Global & Multicultural Network | H9: =SUMIF(ERG_Budget!$B$2:$B$100,"Global & Multicultural Network",ERG_Budget!$D$2:$D$100) -> 1500 | I9: =SUMIF(ERG_Budget!$B$2:$B$100,"Global & Multicultural Network",ERG_Budget!$E$2:$E$100) -> 1263.26
A12: ERG Membership Changes by Month
A13: Month | B13: Joined | C13: Left
A14: Mar 26 | B14: =COUNTIFS(ERG_Membership_Changes!$B$2:$B$500,$E14,ERG_Membership_Changes!$G$2:$G$500,"Joined") -> 2 | C14: =COUNTIFS(ERG_Membership_Changes!$B$2:$B$500,$E14,ERG_Membership_Changes!$G$2:$G$500,"Left") -> 3 | E14: 46082
A15: Apr 26 | B15: =COUNTIFS(ERG_Membership_Changes!$B$2:$B$500,$E15,ERG_Membership_Changes!$G$2:$G$500,"Joined") -> 0 | C15: =COUNTIFS(ERG_Membership_Changes!$B$2:$B$500,$E15,ERG_Membership_Changes!$G$2:$G$500,"Left") -> 2 | E15: 46113
A16: May 26 | B16: =COUNTIFS(ERG_Membership_Changes!$B$2:$B$500,$E16,ERG_Membership_Changes!$G$2:$G$500,"Joined") -> 2 | C16: =COUNTIFS(ERG_Membership_Changes!$B$2:$B$500,$E16,ERG_Membership_Changes!$G$2:$G$500,"Left") -> 4 | E16: 46143
A17: Jun 26 | B17: =COUNTIFS(ERG_Membership_Changes!$B$2:$B$500,$E17,ERG_Membership_Changes!$G$2:$G$500,"Joined") -> 4 | C17: =COUNTIFS(ERG_Membership_Changes!$B$2:$B$500,$E17,ERG_Membership_Changes!$G$2:$G$500,"Left") -> 1 | E17: 46174
A18: Jul 26 | B18: =COUNTIFS(ERG_Membership_Changes!$B$2:$B$500,$E18,ERG_Membership_Changes!$G$2:$G$500,"Joined") -> 2 | C18: =COUNTIFS(ERG_Membership_Changes!$B$2:$B$500,$E18,ERG_Membership_Changes!$G$2:$G$500,"Left") -> 4 | E18: 46204
A25: Registrations by Event Type
A26: Lunch & Learn | B26: =SUMPRODUCT((ERG_Events!$F$2:$F$100="Lunch & Learn")*ERG_Events!$H$2:$H$100) -> 17
A27: Panel Discussion | B27: =SUMPRODUCT((ERG_Events!$F$2:$F$100="Panel Discussion")*ERG_Events!$H$2:$H$100) -> 20
A28: Social Mixer | B28: =SUMPRODUCT((ERG_Events!$F$2:$F$100="Social Mixer")*ERG_Events!$H$2:$H$100) -> 3
A29: Speaker Series | B29: =SUMPRODUCT((ERG_Events!$F$2:$F$100="Speaker Series")*ERG_Events!$H$2:$H$100) -> 33
A30: Volunteer Day | B30: =SUMPRODUCT((ERG_Events!$F$2:$F$100="Volunteer Day")*ERG_Events!$H$2:$H$100) -> 5
